index,categorical_x0,categorical_x1,categorical_x10,categorical_x11,categorical_x12,categorical_x13,categorical_x14,categorical_x15,categorical_x16,categorical_x17,categorical_x18,categorical_x19,categorical_x2,categorical_x20,categorical_x21,categorical_x22,categorical_x23,categorical_x24,categorical_x25,categorical_x26,categorical_x27,categorical_x28,categorical_x29,categorical_x3,categorical_x30,categorical_x31,categorical_x32,categorical_x33,categorical_x34,categorical_x35,categorical_x36,categorical_x37,categorical_x38,categorical_x39,categorical_x4,categorical_x40,categorical_x41,categorical_x42,categorical_x43,categorical_x44,categorical_x45,categorical_x46,categorical_x47,categorical_x48,categorical_x49,categorical_x5,categorical_x6,categorical_x7,categorical_x8,categorical_x9,category
0,-1.5135359232,-2.30109825931,0.558601493436,1.39738163975,0.171980292069,-0.389096077945,-0.803501619425,0.179461810115,-0.122051786071,0.957721114051,-0.25875072313,-0.882856417379,0.285164860781,0.446384125387,-0.111347960229,0.770042224631,2.21856493813,1.57798848523,1.40878142056,-1.79272804135,0.639339921761,1.35475673164,-0.678338002044,1.51272375506,-1.21006949273,-1.359582644,-0.378446880039,-0.775650250558,-1.20800840427,-0.294911460139,1.24915803124,-0.758424098394,-0.691438523531,-0.997762453383,1.59196137234,2.0800577185,0.711774081959,0.235448549513,0.369245888686,0.623007681629,0.326571523899,-0.204768234445,0.492252922504,0.141081730625,-0.45842764484,-1.46494828286,-0.284549318882,-0.23978675937,0.0989228820214,-0.893566304968,group_0
1,0.828883704723,0.512237140953,-0.186960780913,0.625109876078,-0.796760984044,-0.135965977864,0.135827086799,0.282637468915,1.67671689007,0.567842830531,0.387064844838,-0.894700877976,-0.335700727851,-0.806434767373,-0.684952640184,-0.396062314443,-0.814601570298,-0.167013177321,1.32484377285,-2.2008860257,-0.0169529419832,0.472169411502,1.04360368642,0.944840517501,-0.908603619937,0.437376361604,-0.866183599951,-0.922576736762,0.240736883705,-1.72292029904,0.420512942543,-0.843255710735,-1.91968733288,1.28302127478,-2.17176031387,-0.116757002985,1.19745967509,-1.47148892377,1.3162655564,-0.00416902503145,-1.79731339987,-0.207542742993,0.688260039689,1.16683236747,-1.00954696376,1.1034691962,-0.447322124393,-0.322806663614,0.043576770996,0.0960098755595,group_1
2,0.826483735816,-0.456473283752,1.43422301052,-0.69789982384,0.451565901373,0.271715314899,-1.22787573823,-1.25325794467,1.71638226388,0.242299759964,1.1405394978,2.17961069367,0.538261130683,-1.56551315938,-0.131697298789,0.522233597637,1.23762528592,1.39507125695,-2.04939160191,-1.66872146165,1.03501414374,-1.28393985876,-1.21063042778,-0.215680494618,1.28419651898,-0.75505720684,1.12202145159,1.66910536316,-1.03716710482,-0.0217849829059,0.97704226881,-1.15455349662,0.225621592229,0.754782211383,1.59331698447,-0.19944313605,-0.213400194506,-1.86975397234,-0.00609046327145,1.10256380495,1.00722476602,0.35986030406,0.136557703912,1.04762154562,-0.920907385512,0.0605728152176,0.0124797091239,0.555510038645,-0.39714930381,0.0890282739613,group_2
3,-0.255981495282,-0.613238463876,0.510367109443,-0.624654668494,-0.311895623607,0.753732917074,2.25568578776,1.63061982857,0.549000718108,0.377193695645,0.0387563204593,1.53202258109,0.0607583130535,1.42111923397,0.295608635591,0.819388599499,-0.0809393249973,-0.642188681113,-0.756926052647,0.896922940196,-0.23693596072,-0.676871287623,-0.236986141857,-0.688222945806,0.380071228141,0.0485293688192,0.460510489537,1.8582762419,0.129779985941,0.81032167945,-0.582412160552,-1.08790578022,-0.93532039667,0.311889476875,-1.52585686343,-0.281791589585,-1.23685775287,-0.140754874746,-0.614796066,-1.74273512663,-0.359109973719,-1.15068800631,-1.3258048337,0.101666989283,2.0498702313,1.34857903521,0.976273221763,0.0996179252682,0.229631935242,0.544899496793,group_3
4,3.65929986934,-0.0282714256692,-0.314208052396,-1.35050566545,-0.407945915122,-0.266065226707,-1.2815261228,-0.271049100463,-2.27841256998,1.61078410365,-0.0937035230569,-0.381781650419,-1.69830737029,0.450193654912,-0.173778184283,-0.531875453916,-1.96572407695,1.19411736095,-1.59679206539,-1.04491582398,-0.795362663877,-0.0775313566543,-1.94570875389,0.763558435961,1.51358555188,0.859082839429,1.40313437179,0.137371001568,0.0169164118462,0.195887406001,-1.37196802543,-0.682289330298,0.553163624723,-0.88815869339,-0.724665030547,0.0833456225863,-1.21579828967,-0.769835027195,2.24075273412,-0.716626349556,1.01490648229,0.622222233933,1.47351817423,0.135815718646,-0.380277297962,0.833878503867,1.16497119497,0.421346022118,-0.307269472894,-1.58454776367,group_4
5,1.03014990489,-1.7119188878,0.465984307474,0.824060989661,-0.819584092858,-0.118825898213,0.601404846401,0.725046387902,1.35009668756,0.29794038125,-0.309117665643,0.286093859084,-0.824177772562,0.0678050487568,1.98663489703,-0.484106706841,1.01228927165,-0.918788004675,-1.20327939255,1.09442526281,-1.48062243862,0.261875124228,0.442789357293,-1.12230530336,-0.216160092133,0.505011185892,-0.60807685778,-0.958433658237,-0.608327957512,0.952658753227,0.965519365233,0.892047743443,-0.0210940077279,-1.03404898703,0.0532278864036,-0.152792033168,0.82408395511,1.91867578624,-0.740788193704,-0.747277405837,-1.49933807846,-1.77874352793,1.3931842714,-1.04830227668,0.310571994009,-0.17361234924,-0.597561988238,-1.3433086171,1.96174482308,-1.21247500594,group_5
6,0.0266265317125,0.0613834923518,0.32624132115,-1.00075702346,-2.15142674941,1.68060195104,-0.525163744648,1.01074016178,-1.13663070929,0.593731350414,-0.482968177938,1.78842740485,-0.0737034593725,0.101744073272,-0.829605310958,-1.0165356401,-0.351242693008,-0.155988604931,0.00168301692796,-0.0962159914687,-0.584330213741,0.0664476601118,-1.35168108738,0.815703940496,-0.153147583487,-0.546527381136,-1.61592647261,1.63983121559,0.00259785505471,1.53094788672,-0.849748180052,0.473020818959,-2.00095327663,-0.00637676668951,1.49779083944,-0.542261393152,1.31668182796,1.50714863549,0.978300365826,-1.11379117556,-0.230399632487,0.129636711291,-0.763861228164,-1.22373918679,-0.355266206823,1.66199234254,-0.269196733983,1.97724070632,0.0948812815017,-0.887152038699,group_6
7,1.67474066518,-1.27245564068,2.37999128191,1.56073899725,0.276800774498,1.98191257632,0.373615674947,0.554317360441,0.371990880901,-1.02363067265,-1.16902858906,-0.931922437761,2.06088514625,-1.08839223157,-0.743696776974,0.882021380201,-0.333159517208,0.23913254592,-0.381560459056,-0.303459150107,-1.14858511999,-1.65257493238,-0.395414988073,0.677367973458,0.435505941232,1.19296469558,1.55798764131,-1.41656266045,-0.88642780887,0.454820536185,0.33737023709,-0.373034233988,-0.890320209328,1.20196876646,2.00994680366,0.416289904121,-1.66093945828,-0.608730987016,0.401233439067,-0.319383842252,1.21503109939,0.100576820088,-0.515834168422,-0.464305046738,-0.275412752342,1.71196445757,1.42886588107,0.792486044815,-1.47769078282,-1.02290359434,group_7
8,0.882437220329,0.347914961288,0.183353297221,-0.925029435804,-0.744373042722,-0.73475089824,-0.72695178718,1.45014567089,1.13874534426,0.681223061447,-0.526489383863,-0.919067754282,-0.731770974558,-2.0106381202,-0.0790742098565,-1.82188762552,-0.0859118800081,0.491959753872,-0.426826975344,1.20184358194,-1.16036729891,-1.38661909038,0.0784802634612,-0.849321826215,-0.372967291471,0.132858136767,-0.232471757231,0.685045987807,-0.5740927328,0.508217113385,-1.29671934921,-0.964421794924,-1.27852457075,-0.660044805617,-1.13847745317,-0.794991390289,-1.46902615227,0.386576779419,0.848422070876,-0.746919837604,-1.62275842558,2.24595184141,-0.775719176495,-0.796919520333,-1.19277929127,-0.813750025877,-1.62599669191,0.783688241449,-1.44857659619,0.140340200234,group_8
9,-0.850495506512,-0.703782991356,0.489725125447,2.29137529804,-1.7352145942,-0.864667339138,-0.514493599001,1.07834432014,1.07907270226,-0.726340635059,0.15073242721,-1.64336603401,-1.83804664804,-1.41938657787,0.323665394458,-0.00332125135975,0.209229868539,-0.218935340493,0.0235943973548,-0.0667111467501,-0.890673223256,-1.64063385164,0.201549264019,-0.72563168054,1.31984846745,-1.31485027531,-0.28675306397,-0.0349342556472,-1.28631192767,1.21925463716,0.0696968775117,-0.965461157881,-0.659960967229,-0.649058656689,-0.427872929424,0.665054799547,-1.46860488582,2.45893378307,0.376051867341,1.21878106214,-0.357416670351,-1.52410020215,1.19864228933,0.916756402427,0.679980131052,-1.65587420878,1.88306495072,-0.357026488974,1.12238878536,-0.483839650051,group_9
10,-0.518771296264,3.36857136269,-2.53393612233,1.23996930781,-0.4356746023,0.0665872295635,0.0319908699511,-1.37876313553,-1.21787719625,-0.444057519487,-0.516248491265,1.23143788371,-0.992321611078,-0.025361145392,1.82827599388,-0.570525239862,-0.791675259852,1.93263228478,1.47524660223,0.92450905552,-0.871435954682,-0.522598580412,0.569287575927,-1.22795299162,1.58881796207,-0.469700136855,-0.0591883982056,0.527327531501,-0.88373788701,-1.05322955382,1.4951024066,-1.87436322806,-0.0947133852438,0.925141900313,-0.966994385232,0.981340910115,1.41808023851,-1.43443849954,-0.95661546048,-0.380482458606,0.528502569495,-2.77255399162,0.00250940310999,-1.83627235604,0.245262155353,1.25808207654,-0.147416438557,-0.125661091144,0.337825614857,-1.50309476916,group_10
11,1.15832597298,1.55176405795,0.0491199555985,1.20292021281,-2.39131599084,-0.55758748352,0.144399060892,0.230690415826,-0.975962670769,-0.395905561578,0.319149191935,0.94214866474,1.33050922946,-0.260291058467,-0.875948710443,0.208005890665,-1.0994368176,0.668490105643,0.20645354639,1.58041847319,0.440169701475,1.09181383977,0.699205355672,0.143237330203,0.179368382287,0.418079647566,-0.938788008244,1.33594175509,0.45545808292,-0.846583684425,-0.96061758286,0.462836215585,0.934834538311,1.94779213858,-0.430937077016,0.440615586727,0.32897383931,1.33002811017,0.974063518194,-0.093902570445,0.419103255722,-0.5835340671,-0.253615909462,-1.11863469072,-2.02560058152,-1.27666802114,-0.811883278086,0.190481406661,1.30346123851,-1.36722677273,group_11
12,0.202755287266,0.697539428154,-0.873022949241,-1.3558199413,0.463509731863,0.555529055447,-1.15399238293,0.441791079491,-1.48370486348,-0.711451325874,-0.172397572826,0.774051309091,1.62652203425,0.210939800859,0.431866585183,-1.75795283864,1.54354065383,-1.26859160762,-1.24780756492,-1.06455264854,-0.38791876681,0.738865091896,-1.65242362812,-0.476171029299,0.0569573594137,1.44410145179,0.297369686144,1.42585995663,-1.14282804754,1.10525101101,0.29052032093,0.710955553809,0.67665682483,0.19677617186,0.534489271095,0.354764937609,1.41750466146,0.40634498185,0.44079588401,0.487434894307,0.584703139256,0.201947233507,0.272991022635,-0.104004911112,-0.143063306437,-0.118407211762,0.196203025567,-0.700153215707,-0.951192362637,0.276586051548,group_12
13,1.34880253105,-0.326991501097,-0.464962712164,-2.11744351036,-0.964389704815,0.914143038261,-0.210277140383,-1.48000767601,-0.426907526867,-1.65151244416,-0.779759705127,1.02818685042,1.87063490124,-0.164893042313,0.296193626411,-0.368403013808,-0.847157061507,0.53797089481,0.273758472493,-0.575951570402,0.37738068307,0.955173460523,1.34287756776,-0.970573714687,0.0666790379831,-0.425903444698,-0.998681121289,-0.626143405795,1.10395112662,-0.332005141325,0.720313615169,-0.444521168358,1.22334666223,-0.160537614457,-0.185622573746,1.06540286908,0.91640951212,0.0759327024655,-1.50174039402,-0.797079158205,0.970525867112,-0.638064964036,-1.59278945688,1.02235528822,-1.4081067695,2.75748899827,-0.692980086715,-0.677870840442,-2.46055458514,-0.429335573558,group_13
14,-0.713151491681,-0.0867968032389,0.12969639839,0.20266698412,1.41054301752,0.900194333948,0.661878071069,1.14567092404,-1.28454765123,-0.530816001573,0.325377612764,1.26266133724,0.121290999112,-0.73067558424,-1.70001687197,-0.00090362452715,-0.839481623207,-0.794338204668,1.42981932841,0.230287652094,-0.907300764435,-0.412550009053,0.0842814098466,1.22609852019,0.600358262415,-1.46424751003,1.02271751956,-0.490390217641,0.15319223743,-0.345087395972,1.86983160445,1.07182528379,-0.401471468792,-1.32695990371,-0.327422206847,-0.154856250724,0.0706944933993,0.212175141891,0.44867572083,1.68778235959,0.896635001616,0.817507258084,-2.38624597479,0.0275811992949,1.09876020752,1.81457405916,-0.991986496737,-2.17032074664,-0.650632154211,0.339412512473,group_14
15,0.149391180977,-0.304039129406,-0.192640588249,0.0817435985944,-2.41012249852,-0.360485202386,1.05262026503,-0.187836105963,-0.713574473434,-0.641156923402,1.42500759224,0.965969458077,-1.01046505482,0.584832741211,1.54305580436,0.107996576206,1.68155485735,0.835686013329,1.4371466982,1.47603487829,0.463668594787,-0.589227850811,1.05068996644,1.21057688261,0.175534280446,-0.855118614779,0.312738466909,-1.22123379284,-2.08474440045,-0.642922181338,0.188218501898,-0.0103306825157,-0.430843858182,-0.703374065051,2.08853383293,1.01613497536,0.247339093304,0.448393997754,-0.823452116037,0.652305644673,-0.913302213798,0.867741543231,-1.58058053157,-1.20433012857,0.69883927842,0.564241197891,-0.628699779762,-0.453738314258,-2.57803066414,1.19280017325,group_15
16,-2.07155367366,-0.708858704539,-0.447723974448,0.891197340779,-0.0534580829127,1.09109295854,-0.72771817235,0.527305628142,-0.874412624973,0.148767628543,0.465443208581,-1.66912625599,1.94733329658,0.498586476069,2.61969198392,1.32280830818,-0.934468004636,-1.34435685086,0.906432930596,0.868949432251,-0.289686652518,1.00705813343,-0.10256981021,1.35992590129,0.694747127233,-0.389916619543,0.746815219448,0.0808969591846,1.30950768568,-0.438726970742,0.463875061576,-0.261656556564,0.228717853368,0.882025790797,0.222825191388,0.119952354093,-0.592421361824,1.47102949263,0.718125131751,-0.970872148361,0.996614735665,0.0927493766871,-0.282591991448,1.49089527397,2.30814669284,-1.06073482818,0.511676144277,-0.767615002651,-0.867674170537,-0.0689515313135,group_16
17,1.52499153189,2.2305771665,-0.38632867653,0.457728351719,1.47264368122,0.433743354549,-0.187520884615,-1.13694208621,1.64065458878,-0.56857749052,0.413525019244,-0.983111656968,1.07033074889,0.898632452679,-0.0988885814739,-0.30633311878,0.358247091884,-0.129413035461,-0.564702306417,-0.519385607685,0.131956174497,0.956784304454,-0.441923587133,0.213432710747,-0.038351050078,0.29203453865,-0.00831370525884,0.0072411124692,-0.371408969546,-2.66707439268,-0.0370935971099,1.1704349066,1.13393471415,0.241166944391,-0.571315250828,0.229792318823,-0.794618230501,0.629093647425,-0.567064012466,-2.248699108,0.503357409758,-0.05421592923,-0.315901553395,0.391997252877,-0.0488232575988,-1.80580265007,-0.379603780062,0.196539404158,-0.899335227849,-0.723780505028,group_17
18,-1.00466068211,0.769453834232,-0.528674533195,0.00500430770605,0.306060546873,0.61199634632,1.89244413761,0.0376263465676,-0.512443011645,-0.790856866046,0.399668658265,0.281730577772,1.22120920865,0.0618990658351,-0.71939033461,0.532649808574,-0.865726232865,-1.12993067491,-0.324010060236,-1.11531513284,1.40634239111,-1.90977895915,-0.237886485044,0.650743678557,0.621769143587,-0.0314540792139,0.407223794665,1.39409495345,-0.383671849705,-0.543591726586,0.990540914289,-0.41995540324,0.397093620774,0.56500792913,-0.564436862612,-0.076062416923,-0.43494553066,2.79064460732,0.0642751533028,0.621719103794,0.760985448968,-0.254979821697,1.22161628201,-0.0958271513004,0.60100453779,0.38219065876,-1.40158610427,0.813366708085,0.0860305454872,0.186379689062,group_18
19,1.42961206062,0.302821494725,1.41064753457,-1.05262641604,-1.49451535115,-0.698628034776,0.192075860235,-0.822694822477,-0.789534943137,2.05088536493,1.6326568667,-0.777403455584,-0.568855248017,-0.85556647626,0.661417606341,1.33102736629,1.42604240171,2.35887888101,0.805062341696,2.1405294135,-1.17132708603,-1.20890914598,1.69985968316,0.0401864490196,0.134129893861,1.89748834787,1.0169931345,-1.72601603007,-0.221850302691,0.11776022285,-0.384834396273,-0.965421441004,1.29248395763,-1.07460557864,0.0934039009826,-0.337484064079,0.864919228462,1.68978200416,-0.261082599432,1.16072020524,1.3460819544,0.379874463922,1.70473522075,-0.106248857965,1.08692416229,-1.98578267076,1.37998337756,-1.48579336049,-0.611949081547,1.28864737805,group_19
20,0.972495569921,-1.38795933706,-1.91484109329,-0.329312318649,-0.274024701408,0.9423957319,0.680688183327,-1.89729655442,1.50437242024,-1.27710233729,-1.04951804366,-2.23489066344,-1.00151476781,-0.7730422941,1.22004716489,-0.170478132272,1.95781999184,0.368662508113,0.663520933334,-0.0534354524021,0.736880863066,-0.570827897146,-0.993459867302,0.92482150232,0.210657146579,3.13790656886,1.42163506539,-0.727644073044,0.992117476448,0.941946179389,0.0727014539934,-1.46990213891,0.528472354888,-1.4717830929,1.66091324195,-0.570473656647,0.787655130829,-0.826694066736,-1.23354025313,0.885222628261,0.319169078132,1.51146133937,-0.209474485131,0.812762579715,-0.139220760111,0.925851357056,2.11325454453,-0.0621468813246,0.611958802009,1.28708765464,group_20
21,-0.862153324943,0.194716969009,-1.36038358718,-1.21565888692,0.313197131001,-0.620737052509,0.723942481589,-0.375203182115,-0.876068163998,-0.58917918194,0.988352374355,-1.13503713877,-1.217144009,-0.38736348433,0.516974448869,0.901985976939,0.152340332248,0.932483355658,0.256752968869,0.239407061525,-0.0875358834754,0.0969670553238,-0.735421830981,0.425664405929,-1.1534691378,-0.583133339132,-1.3985464694,0.879478530246,0.362035603181,0.885888992674,-0.412770442199,2.5196748454,1.44111133948,-0.724729450681,-0.0443825161777,-0.662583850858,0.366676932417,0.0361235925075,-0.851482640223,-0.126887124746,0.00919349192056,-1.1699588385,2.35185178943,-0.324140055356,0.21225467032,-0.643919669423,1.56689263494,1.20487018615,2.06990182192,-0.760753494987,group_21
22,1.31067693977,0.0953095165017,-0.515373647457,0.247601195653,-1.45345426373,-0.0565812425012,1.1462244484,-0.565756412813,0.313422008154,-0.533341185526,0.40987460516,-1.40129477167,-2.05073275758,0.0418733769475,0.627492968911,0.0600732103327,0.0931213444058,0.817059228981,-0.167116238007,2.59622775738,-0.935187027001,-0.895925797321,-0.3203441162,-0.563181349649,0.253036763613,0.0934375634243,0.161033880442,-0.781589009181,-0.111690892353,-0.83814932798,0.409027719537,1.86966213579,-1.49144099404,1.33803359665,0.45002566879,0.24494422943,1.01610285894,1.19609859174,0.162957475611,-1.50841873901,-0.344013292468,1.53391513303,1.20576752495,-0.0390857863922,-0.302006724318,0.131058993917,-0.621705973847,1.07495211668,0.756730016031,-0.430038925325,group_22
23,1.58873645686,-0.727151983927,-0.886104931587,0.214705323218,-0.521442787672,-2.02704582062,0.0264674505275,0.0953968371218,0.821188095164,0.309140243076,2.0559888218,0.425676595311,0.640416701665,-2.13282674162,2.35113203219,0.0954059091903,0.657471893694,-0.310983799933,0.0619091046198,0.321057830393,3.56499561443,-0.668639379097,1.78376327072,-0.244286156636,1.66662576731,1.00493916276,-0.738284642872,0.601445544619,2.58488257207,0.292287392679,0.988295694343,0.497268720594,0.264711849167,1.36950451685,-0.0855685176958,-0.0317771151826,0.539370954437,0.135114638051,1.06737498125,1.82939538561,1.51097878101,-0.696377420483,-0.00889793059492,0.121586976364,1.3403385644,0.202444252234,1.16912091725,0.265026699415,-0.362341072667,-0.899893257884,group_23
24,-0.879955073894,-0.400435173004,-0.886823802906,-0.196081806763,0.774926259051,0.160739549769,-1.28504629465,-0.273306469455,0.211883122062,-0.394131552741,-0.559414410386,0.562317661361,-0.675006938976,-0.489977808387,-0.649926347002,0.699586624506,1.08878853725,0.676317721118,-0.667422512719,-0.384882427697,1.25366041551,-1.18910632389,1.02543595825,0.1815785263,1.2261510425,0.899503693921,-1.03432907415,1.64614313776,-0.381362877857,0.338641185622,-1.32292444667,0.342722813812,-0.760275452159,-1.32831784518,1.18167444927,1.18887389585,-0.277400366809,0.85547615077,1.09795830684,-0.680461698185,0.253958456052,-2.1281534561,-0.577780298199,-0.774979040526,-0.702391768749,-0.530675616291,-0.568993296516,-1.45977607655,-1.32141945562,-0.537344141803,group_24
25,0.0120280022251,-0.737971994067,-0.145986181325,-0.76248932238,-0.153597543952,-0.340182694854,1.11821620569,0.814028134392,0.084945272354,-1.94491028808,1.0482161667,0.907158731069,-1.33821849368,-0.180802117823,0.522285650356,1.07176379219,0.175978808856,-1.6480645034,0.727243998824,0.0289104825544,1.27196256337,0.638165836937,1.77756468797,0.0510176848982,0.49844992244,-1.05493827985,0.413133524615,1.39615723054,-1.19342246214,0.133221372776,-0.56910195032,1.13923151911,0.305108039523,0.0971471315461,-0.572488280997,0.271360461178,0.230055398121,-0.807521342166,-1.06077296119,1.8298544325,-0.928926789157,0.605662755179,-1.00676455024,0.571155757291,0.47851328299,-0.653954441714,2.28144219269,0.403688569174,-1.42366684212,-0.622869915509,group_25
26,-2.08353540959,-2.64146331502,1.04715799119,-1.61374707486,0.916811374701,0.390236799141,-1.2291254748,0.296140730808,0.181283843645,0.0639764566415,-0.391890894762,-0.428316370379,1.03990077366,1.09667841302,0.0294353733155,0.561212968599,0.469557595988,-1.71626277009,-0.632502414542,-0.371321074933,-0.0800700893113,1.54504761333,-1.77042767703,0.826586373542,-0.166824021165,1.17837965372,0.657713425462,0.519501496571,-1.14619264851,0.390602604267,1.64346884273,1.48259888716,0.467984787029,-0.519798030807,-1.27709673561,0.9237438204,-0.649337430698,-1.0648880583,0.139657797518,1.31428099471,1.35196425608,0.656896538379,-0.77765072264,-0.664850535854,-1.93379381435,-0.637005048973,0.0767211208578,-0.106311821711,-1.13925122933,0.505173052724,group_26
27,-0.307936416326,1.37973673237,-0.662387193054,-0.256089567046,-0.105625677861,1.75625061652,0.256926100922,-1.12563554258,-0.108871005461,-0.0803920414462,0.443075151768,-1.65637708445,0.797722929737,0.79593602398,-0.293024744305,0.185083808328,0.0996995213073,-0.0219655482194,1.2993714471,2.05171458115,0.248776527361,-0.0664299207986,0.477311365751,-1.77437464542,0.763494507011,0.827808813434,0.230050680238,-0.791443093395,-1.12222968242,0.892917418838,-0.483672561512,-0.580529216021,-0.888656035337,-0.00153472627519,0.210716343501,-0.9279314875,0.154052448516,-2.52209120629,0.551733894467,1.38988870891,0.76860527421,0.442190150902,-0.0103100994312,-1.11034701887,0.0128910819935,-2.2449424429,0.487099572738,-1.17958851938,0.570522155882,-0.64840310857,group_27
28,1.48936188501,0.480348501608,-0.521275662716,-0.456117185009,-0.00233233898088,-1.71208568472,-0.440958423094,1.96040612456,0.215922350667,0.503676658991,0.34914627238,-0.133227971502,0.876282172412,-1.76154077035,-2.16015958219,-0.150117153429,-0.456489136632,0.309880072307,-0.873519274466,-0.147894664561,0.781084402641,0.308825460354,-0.901948648983,1.15808409069,-0.102056172946,-0.59797496235,0.277669656523,0.404190450511,1.40650285544,-0.162032721406,0.213638830197,-0.921464236132,-0.380745838985,-0.700363625027,-1.19422458886,-2.26577223549,0.973006307095,-0.441009127953,-2.34537660789,-0.201518529755,-0.87306118467,0.196257653009,0.300039532265,0.135549455602,-0.59901565583,-1.6055097832,-0.319031708212,1.06975765386,0.221939047808,0.698411938904,group_28
29,0.127840069933,0.358834672614,-1.24350884041,0.0777768254422,-0.974126215186,0.0364616324208,-2.00213554838,-1.44218121194,1.48484077171,0.686866021398,0.775814635093,0.18115719402,1.85759358367,2.20476007215,-2.83915328791,0.699855442952,-1.58901440949,0.649414767603,1.22844067869,1.02358290577,0.352924942742,-0.732115890718,-0.0709577915645,0.652237578556,1.72410567817,-0.605741654255,-1.28313519953,-0.966403826157,-0.00753190031862,-0.330147052731,0.341181256296,0.650169379738,0.954568767459,0.140120073516,-1.15829351272,0.412035925495,0.539153757354,-0.0729337579753,-0.0599630990655,0.833302611905,0.743603848645,0.821084159659,-0.0623184031416,-0.500026957846,1.51013939204,-0.644307460407,0.332877751059,1.1348222446,-0.60050003307,0.666494493619,group_29
30,0.76345189701,-0.792145292672,-0.626616976379,-0.135509890918,0.900718912098,0.501931413236,-0.633694747928,-0.18283653861,-0.923498418368,-0.500332011159,-1.12534607774,-0.850452936338,0.432899135264,-0.652769675434,-0.681939323384,0.317430928768,-0.898169416138,-0.58186751976,0.822128552389,-0.541563430191,-0.100213521486,-1.307631872,0.0134874466071,1.18243148403,0.968825167948,-0.256085439673,0.345286181415,0.839219623907,0.395535792502,1.09053247792,-1.16231544638,-0.144020619484,1.82062787209,-0.0806400071261,1.93728782493,0.61549226028,-0.584822485881,-1.29901479281,0.732928769825,-0.331599711718,0.108484354109,-0.112611939431,-1.64302151646,-0.843729033162,-0.581647539114,-2.21263281994,0.371290427717,0.00863326956152,-0.148073091949,0.10100325996,group_30
31,0.73849828637,1.86558132765,-1.61610348276,-0.0139007429275,-0.0565696671862,-0.362868018573,2.73864180507,0.251630429452,0.623348952424,0.663160708116,0.323795667724,0.128824473853,-0.133333462137,1.01525943572,-0.737364203881,2.09874836603,0.329691215811,0.290237352658,0.0132710148688,0.495287566605,-0.597176170491,-0.988664181511,1.04618681183,0.630403764325,1.20671556278,-0.823376076562,-1.06364686236,-1.99601700907,-0.147651297766,0.331222116576,0.175401490598,-0.216489277008,1.57737340778,1.82520914667,-1.02200457555,1.20955448726,-0.257222405384,-0.882639716365,2.13090176283,0.41111331627,0.221422533542,1.13926689096,0.359425343742,-1.3029526423,-0.607427278242,1.25464857229,1.2295870783,-0.793346578886,-0.993198858895,0.328970850567,group_31
32,0.834901415175,-0.706796559662,-0.635933641216,0.68397432952,0.36471640017,-0.12497464358,-0.873635053247,-1.57650025753,2.06546714639,-0.521670087673,-0.778493658828,2.02087020129,-1.27953100981,-0.0977114970969,-0.810345129509,1.12778288331,-0.47762386949,0.399611773928,-0.380453837939,-0.0992573605369,0.369221181031,0.406867777513,0.34332752936,-0.552919406848,-0.619857377598,0.963851396173,-0.390594666693,-1.10356260431,-0.229297388033,0.752863837497,-0.0922370096775,-0.813647077265,0.60677156038,-1.6207704849,0.0171126957064,0.707307208254,1.59732901187,1.68869594976,1.80909455104,0.501392040748,0.00520695967183,-0.303787860768,0.566563725544,-0.208654840453,-0.346311972233,-1.03067101805,-0.274213474821,-0.573557701679,-0.219749329764,0.0710087406742,group_32
33,0.288282562542,0.214728851763,1.216257507,-1.06821739418,0.630989181418,2.024346666,-0.0933580676251,-0.315690660505,1.42769414249,0.825146115258,0.123504437787,0.976423183376,1.76159486853,0.438454637805,-0.259169892094,0.370499644514,1.03276133022,0.647679842663,-0.552510898773,0.250191324044,-0.781416251429,-1.30752453664,-1.41530965201,0.0499190829072,1.90154409264,1.34992320695,1.20039666465,1.66456843548,1.46780621943,-1.37517638583,-1.33863497072,-1.07206798437,-0.578456723202,0.166694697115,-0.500643059771,-0.389419399901,0.363080515459,-0.406014019926,-1.25381453481,1.52457397938,1.27698070588,1.11220986421,-1.26136262476,-0.647578474138,-0.580894221591,-1.9196833507,-1.23581560321,-0.491241441597,0.471257948541,1.4009847813,group_33
34,0.356998314845,-0.481143429579,-0.235637521984,-0.152476773943,-1.26664896589,-1.65508290789,0.412274146491,0.247535275564,0.871902751408,2.07871058286,-1.2035627366,-0.507209696199,-1.77426162138,-0.487175089149,-0.928050593154,1.34830536699,-0.000215249858525,0.828045498309,-1.16019792812,0.394896432226,0.400974010974,0.397057329165,0.280809549711,-0.712272849538,-1.44254542234,0.819838994862,0.840225395163,0.858188812973,0.0504612208701,-0.579237887568,-1.06805784841,-0.279835050024,0.854377196173,0.865674356987,-0.571251752255,1.64086056281,-2.58383539347,0.780667781679,-0.672150435007,0.0370547731232,1.05965975435,0.185494602331,-0.0643804373455,-0.279142696132,0.107760621528,0.598209400845,-1.60573090387,-0.628702446609,0.488390249273,-0.776197484954,group_34
35,0.643300227955,-0.364309265035,2.17425287547,0.283075538635,-1.06086234493,-0.885648361926,-0.921759104137,-0.291817810085,-1.12029651672,1.46244095315,0.15487185436,-0.993073330832,-0.291789282602,0.824747525095,-0.134346836556,0.92198271271,-0.233906890557,-0.402649533246,-1.67254217246,-1.20870245325,-0.908223784146,0.832805159728,-1.13381233882,-0.0373295719702,-0.765730948915,-0.819475496512,-0.882183034638,-0.148942770589,-0.776435566647,-0.355622993412,0.850957438342,-0.678541343624,1.31672693974,2.11262210064,1.78040067206,-2.28447536666,1.51134256489,0.988669374625,-1.28946553185,-0.593849811067,0.950949412716,0.502561174004,0.655523205572,-0.173403709547,-1.69218440911,-0.725486642748,0.195387672228,-1.34002363092,-0.862659474492,-0.296034902893,group_35
36,0.0452535856311,-0.586720886947,-0.273403960046,-0.823510577548,-0.669561698398,1.66469260948,1.27001378016,-0.713161507384,0.604446011956,-1.26767484564,0.960123679102,-1.91946627004,0.0640229376212,0.458685187311,0.637917616845,0.127354484651,-0.459719963975,-0.539501424353,-0.86277995201,1.34430130782,-1.884540285,0.362583670422,1.07215987548,-2.51807217013,1.46627595967,-0.0535488678601,-0.657085644456,-0.686357925251,-1.84397127417,-1.06807132433,0.698461738402,0.694280153898,0.74799086418,-0.623573926987,0.525125891289,0.637698815632,-0.799085350956,0.563364601653,-0.641933635413,-1.06535261225,-0.248142671583,-0.240975648308,0.0440408267086,1.55104816359,0.512455753783,0.631158928703,0.0794920691109,1.02392390873,0.350162986921,-0.2108673172,group_36
37,0.802597420792,0.167210181519,0.523949101087,-0.587532119425,-0.204991578937,0.306687599322,-0.168365743031,-1.38462488459,-0.767042162047,-0.0203208871769,0.677140986994,0.638328572717,-0.972247132717,0.122537552276,0.0320645152119,-0.109183694125,-1.29744671918,-0.400462972947,0.43613893745,-0.81363936897,-0.201457409608,-0.17597916942,-0.179616633345,-0.076742894441,-1.38586035112,0.619769658725,-0.664960182176,-0.370267508066,-0.716088110415,-0.389793547397,0.00537346181411,-0.695719843196,1.50433300878e-05,-0.278456533581,0.387933492355,0.285026007499,-0.592635885242,0.574922668293,1.50075302363,0.0277546873415,0.139325269357,0.551109212767,0.994793270548,-2.13097963704,0.718537895692,-0.660913821411,-0.0877904983955,-1.12346248223,-0.936492391935,0.823777877073,group_37
38,-0.404214922167,1.48997012897,1.04048009452,0.397897462988,0.819860893451,-0.665359315936,-1.16980890668,-0.16099600922,-0.618188963301,-1.1906479993,0.310193776543,-0.641568570348,-0.270791804774,-1.14289215075,-0.222528664668,0.687919831492,-0.585896251409,-0.501513512524,0.43400167928,-1.56338324249,-0.78738133802,-0.733703875489,0.210232805079,-0.0378321020092,0.233431541732,-1.71591782233,0.795967991749,-0.202390373787,-0.532193511844,-0.726043282951,-0.91353830224,1.81030318998,0.357451182133,-1.35539864623,0.100426275203,-0.728402825464,-0.747794343809,-1.34212763933,-1.69496255087,-0.302198014319,0.620220714211,0.575237202204,-0.531496736745,-1.99742157651,-1.73452159215,0.383277920602,-1.0209489193,0.605352969701,0.774936350338,2.63980573521,group_38
39,0.094666083178,-0.768026547326,-0.708922934085,-1.12793845774,1.32693784475,-0.303465512085,0.917461307423,1.43078577165,-1.00009973878,0.317770353654,-0.445544179585,0.225147708585,1.09855172448,-1.50611646755,0.544153247836,-1.16572390818,-1.45070028962,-0.753954038274,0.515511718882,0.153509519694,1.14806774457,0.717999374733,0.35962530754,0.125280345682,0.348366277602,-0.594281288383,1.68037335769,1.99631162736,-1.60524233792,1.03801154084,-0.360722810217,0.862930002175,-0.754469290121,1.1437697552,-0.293527956217,-2.11589625289,-0.881011697346,2.00666992685,0.256189843705,-1.22046012295,-0.529946444675,1.13528922929,0.319164617632,0.29547374279,-0.707648933509,-0.140339933926,-0.480677467664,-0.566034082692,0.212335784935,1.34562128446,group_39
40,0.959885640976,1.09306649424,-0.209101638207,-0.481765409899,-0.375969227577,-0.0355417559689,0.104487708187,0.82259990568,-1.19383831857,1.94168652724,0.798672812373,0.561294592678,-1.34111182876,-0.657522844586,0.0783306532542,0.954901197021,0.901480741692,0.212247604679,0.157739480028,-1.26602143477,0.253912797631,-1.15286262873,1.70119898437,0.629108720981,-0.445424329463,0.449029922399,0.442134045002,1.42318394935,1.371995683,1.86373207262,0.544837417209,1.23422292839,1.33190527401,-1.22277425562,0.459189759971,0.851286982602,1.34588223436,0.163580979074,-0.888188269109,-0.938319446644,0.394472053702,0.172005304686,0.955390564586,1.09975410695,-0.297701079245,0.971062539332,1.47192027499,1.90792601956,-0.38152593499,0.776522289121,group_40
41,0.29936503764,1.19970436201,-0.526054373954,-0.113928919799,-0.019641345163,-1.33080478502,-0.733424579716,1.13027860239,0.545092641552,1.51314252585,-0.367476796164,-0.544791477347,1.47378255873,-1.65687150389,0.51539039864,-1.01738689073,-0.684622162204,1.84539277519,0.994575200001,0.630068289554,-1.89766957856,0.478215343746,1.59859331382,0.567479736297,1.24773986577,0.174379144599,-1.45124011812,0.474101343179,-1.55397929826,-1.08899648076,-0.665434710085,1.54496553247,1.30969754662,-0.676537654857,-0.932886119696,-1.25633422565,-0.189844415225,0.503068450985,0.382831514174,-1.07236401687,0.749571061585,-0.096880546768,-0.56130499393,-0.603708721121,-0.402834729049,-0.497111345895,-0.504050480006,0.290984166357,0.7859478713,0.625052635681,group_41
42,-0.512266391508,0.0316561519112,1.11596130767,-1.36794064126,0.792588815954,-0.571194023715,-0.844212203315,-0.504476173338,-1.37158513407,0.644653715383,1.60025703593,0.388155208778,0.974760944501,0.454579054638,1.13636545729,0.72987214891,-1.08037167593,0.490985560034,-0.238897862675,-0.409004501271,-0.164385594411,0.549516985093,-0.479646656609,-0.126306206385,1.04830356285,-0.187716737336,1.31580579868,-2.07763606599,-0.51900165269,0.700406126276,0.445735737094,0.294654229265,-0.182244938015,-1.12632922112,0.0371122299678,1.05922295576,-0.21755678706,-0.329147600032,-0.139786541562,-0.685412189277,-0.441804932227,0.346571265218,1.38194878474,1.13821704753,1.11103816439,0.67829983847,0.0664250500543,0.450922374771,1.6829035753,0.413627324323,group_42
43,-0.53577416745,0.185817498663,0.397895818342,0.0140171497638,-0.0767868805479,0.515454954335,-0.378127374123,-1.37578141606,0.899410206686,1.9187928657,0.25390138713,-0.50903054055,-0.22940872233,-0.95156060364,-0.632424268991,-0.0212946505122,2.06092540496,-0.557048904105,1.9286291715,0.568536164897,1.09245834987,1.00041242553,0.656462840304,0.672548956899,0.633540110282,1.39593299531,0.964095450252,0.141157966112,-1.76879924337,-2.13174846386,-0.58721543699,-0.242752200485,-0.0884041476833,-2.12155442009,1.38298144513,0.563852006895,1.50282349011,-0.172198548747,0.100880692746,1.55650090376,0.158426736482,0.225600935635,-0.357776750115,-2.10920434324,-0.0747253083189,1.10224598749,0.384168121939,0.0617674717412,-2.48573226281,-0.549975766953,group_43
44,-1.24693865865,0.740156877897,0.700987843973,0.126327516311,0.385191079528,0.549896696126,-0.445756620574,-1.76869031049,0.751028635504,-0.720905904919,-0.0276354097804,0.362994215999,-0.621524611972,-1.4258305072,0.275658983667,1.66229864293,-0.952420143587,2.07580192952,-1.36007270556,0.582225762983,-0.380756834573,0.61386644618,0.783448237348,-0.23088049412,-0.261374036182,-1.03393909494,1.44332842278,0.801641990976,-0.286989114309,-0.837020011615,-0.691968585575,-0.480936996819,-0.0774556516846,-0.569645531305,0.770474519204,-1.730864334,1.01771633454,-1.50641150957,-1.35633539189,-1.74803436648,0.980185842899,0.613586424142,-0.759724589072,-0.121521259335,-0.793792492329,-0.219872760597,1.38318417277,-1.45910639834,-0.896629171633,1.09126664342,group_44
45,0.3585485235,0.278892179424,-0.477183614764,0.271668892458,1.37414786043,0.528065867129,-0.589723981702,0.427472287448,0.322944317141,-0.143340806928,0.81387139843,-0.165520878552,0.2995047671,0.485698044431,-0.192664329567,-0.992191328073,1.70904265776,1.5290993798,1.89922114997,-0.310113645419,1.53088687821,-0.394676288362,0.385783794488,1.66633588225,0.122750786841,1.46415452448,-1.43775381444,0.862711866295,-0.763898063318,0.863572631487,1.05583944313,0.569082471558,-0.623340662073,-1.2110862953,0.259576468269,-1.74437066761,-0.620730281551,-0.686444626023,0.104426654142,0.969449902697,0.989091335106,-1.27857440186,0.203035144415,1.65237752787,-0.266174591798,0.434733303269,-0.588441339594,0.830884551365,-0.153460848308,0.879044579226,group_45
46,-1.08442364193,-0.499766903216,1.61931184769,-0.624825907729,0.250213904223,-0.0328694454614,0.271488897001,-0.948251490502,-0.580019523619,-0.482049486437,1.55692220301,1.78165694513,1.7191280878,-0.481324806364,1.5875427599,-0.0234634271137,1.36960424329,-0.917241961892,-2.47488696724,0.0758774903703,-0.26649790731,1.521512892,1.23783619053,-2.66126581624,-0.247129855043,0.170930298104,0.0984472963493,0.0727894943628,0.421132357057,0.665598588338,-0.235382306392,1.67106493954,-1.31354071398,-1.64120491672,1.40953293288,-0.828871358444,0.611830291179,0.0994405545362,0.28068986148,0.361557635527,1.27432938881,0.217470442587,-0.936745503379,2.0154207952,-0.49813008599,-0.47678738509,0.285993201882,1.38281251591,-0.573322581751,-1.06299986388,group_46
47,0.0370583665238,0.0968793235473,0.452504918352,-0.674750151094,0.128609724742,-0.745490254095,1.74429848628,1.27936995289,-1.02529696331,-2.30409891853,-0.676790397698,-1.18183674126,-0.447822382086,0.552199432875,-0.984600602501,0.0219044593162,-0.104528397828,-1.56714170555,0.482372559631,0.266421785667,0.0150045157583,-0.0158327110428,0.162365423517,-0.200969528448,-0.844868995424,0.0879543412055,0.108102466433,-0.697243259691,1.2178431505,-0.61361306204,0.292430245276,-0.275726648146,-0.924056728402,1.59782279013,-1.2402076718,0.288974862753,0.212968942977,1.41512489377,3.81200223697,-1.42075338411,-0.409108912379,1.73823996039,-0.0200038514736,0.441403552287,1.20018264042,0.855834082595,0.697025393816,-0.365963479541,-1.1559952153,-0.574605482306,group_47
48,-1.00554899569,0.749221871325,0.112748984011,-0.0442797929604,0.135645703122,2.03254210462,-1.25854889083,-1.49107338328,-0.873773341377,0.413708227922,-1.84776527497,0.220949797089,-1.65742506675,1.31824704137,1.93163839741,1.85993935354,0.68119397665,-2.09813221047,-1.71610471998,-0.0474760975018,1.59806670846,-1.38175822875,-0.369391653975,-1.4435182118,0.589135086135,0.872784029387,-0.172770517191,0.34301626873,0.81233171088,-0.576847340723,0.523005177984,0.792771707555,0.971676555142,-0.482697703768,2.29459029259,1.25941371594,-0.853181239676,-1.14489873876,0.487091438529,1.13976280687,-0.3892447945,-0.772183030613,0.492507306721,2.03246064152,2.05634680387,-0.721999224967,0.141875294557,-0.0656298191619,-0.245893168187,-0.756422197756,group_48
49,-1.94352205466,-2.09929736809,0.404451467553,-0.235045523136,0.919208653905,-1.74015226973,0.964758750749,1.39251991854,1.35202921023,-0.635286871887,1.46032209767,0.9859369721,0.754313119997,-0.738317070661,1.9278813885,-0.788161709182,-0.0741275240487,-0.357417741265,1.17027991482,-0.528376400513,-1.96733843247,0.848896394937,0.249759954722,0.559395761937,1.59700769194,-0.222613653188,-0.454915622323,-0.385359817433,1.09982563286,0.535732400447,0.359210890321,-0.0761922764112,-0.18103610891,-0.829254491025,-0.658615828915,0.473455487568,0.556039840601,-0.464258806523,0.87282066144,-0.346084785547,0.0892541364391,1.10337497997,0.188306138778,2.19931855711,1.00368140431,0.783414747109,-0.12187023554,0.161195120429,-0.365953275665,-0.262391161958,group_49
